sub-121,ses-EPOCH1x210925
sub-121,ses-EPOCH2x215542
sub-156,ses-EPOCH1x211351
sub-156,ses-EPOCH3x230759
sub-156,ses-EPOCH4x235847
sub-156,ses-EPOCH2x215633
sub-051,ses-EPOCH1x209498
sub-051,ses-EPOCH4x234227
sub-051,ses-EPOCH2x214463
sub-051,ses-EPOCH3x228682
sub-325,ses-EPOCH4x238992
sub-325,ses-EPOCH1x213804
sub-325,ses-EPOCH2x227772
sub-325,ses-EPOCH3x232193
sub-228,ses-EPOCH1x212621
sub-228,ses-EPOCH4x237563
sub-228,ses-EPOCH3x231707
sub-228,ses-EPOCH2x226585
sub-255,ses-EPOCH1x213114
sub-255,ses-EPOCH2x227102
sub-255,ses-EPOCH4x238795
sub-255,ses-EPOCH3x231819
sub-222,ses-EPOCH2x226521
sub-222,ses-EPOCH1x212323
sub-222,ses-EPOCH3x231445
sub-222,ses-EPOCH4x237734
sub-069,ses-EPOCH2x214620
sub-069,ses-EPOCH1x209822
sub-069,ses-EPOCH3x228966
sub-164,ses-EPOCH3x230585
sub-164,ses-EPOCH4x239533
sub-164,ses-EPOCH1x211408
sub-164,ses-EPOCH2x215854
sub-113,ses-EPOCH3x229461
sub-113,ses-EPOCH4x235616
sub-113,ses-EPOCH2x215050
sub-113,ses-EPOCH1x210855
sub-087,ses-EPOCH2x214725
sub-087,ses-EPOCH4x234655
sub-087,ses-EPOCH3x229192
sub-087,ses-EPOCH1x210577
sub-180,ses-EPOCH3x230968
sub-180,ses-EPOCH4x237246
sub-180,ses-EPOCH1x211638
sub-180,ses-EPOCH2x216121
sub-014,ses-EPOCH3x227236
sub-014,ses-EPOCH4x233531
sub-014,ses-EPOCH2x213087
sub-014,ses-EPOCH5x239603
sub-014,ses-EPOCH1x210009
sub-063,ses-EPOCH1x210069
sub-063,ses-EPOCH2x214723
sub-119,ses-EPOCH1x211715
sub-317,ses-EPOCH1x213345
sub-317,ses-EPOCH2x228114
sub-317,ses-EPOCH3x232782
sub-317,ses-EPOCH4x238675
sub-283,ses-EPOCH4x238466
sub-283,ses-EPOCH3x232329
sub-283,ses-EPOCH2x227547
sub-283,ses-EPOCH1x213515
sub-289,ses-EPOCH3x232414
sub-289,ses-EPOCH2x227515
sub-289,ses-EPOCH1x213487
sub-289,ses-EPOCH4x238754
sub-210,ses-EPOCH4x237079
sub-210,ses-EPOCH3x231316
sub-210,ses-EPOCH1x212212
sub-210,ses-EPOCH2x216457
sub-267,ses-EPOCH1x213268
sub-138,ses-EPOCH3x230499
sub-138,ses-EPOCH1x210781
sub-138,ses-EPOCH2x215592
sub-138,ses-EPOCH4x237072
sub-042,ses-EPOCH1x209715
sub-042,ses-EPOCH3x228606
sub-042,ses-EPOCH2x213950
sub-035,ses-EPOCH1x209370
sub-035,ses-EPOCH2x213879
sub-035,ses-EPOCH4x234477
sub-132,ses-EPOCH1x211079
sub-132,ses-EPOCH2x215794
sub-132,ses-EPOCH3x130124
sub-132,ses-EPOCH4x235435
sub-145,ses-EPOCH1x211355
sub-145,ses-EPOCH4x236313
sub-145,ses-EPOCH2x215663
sub-145,ses-EPOCH3x230360
sub-048,ses-EPOCH1x209469
sub-048,ses-EPOCH3x229842
sub-048,ses-EPOCH2x215703
sub-048,ses-EPOCH4x234162
sub-246,ses-EPOCH4x237890
sub-246,ses-EPOCH1x212814
sub-246,ses-EPOCH2x226714
sub-246,ses-EPOCH3x232367
sub-231,ses-EPOCH2x226583
sub-231,ses-EPOCH1x212652
sub-231,ses-EPOCH3x231617
sub-231,ses-EPOCH4x237512
sub-336,ses-EPOCH3x233055
sub-336,ses-EPOCH2x228109
sub-336,ses-EPOCH1x213486
sub-193,ses-EPOCH1x211863
sub-007,ses-EPOCH2x212403
sub-007,ses-EPOCH1x210129
sub-070,ses-EPOCH2x214619
sub-070,ses-EPOCH3x229072
sub-070,ses-EPOCH1x209727
sub-100,ses-EPOCH1x210687
sub-100,ses-EPOCH2x215168
sub-100,ses-EPOCH4x235269
sub-100,ses-EPOCH3x130319
sub-094,ses-EPOCH2x215013
sub-094,ses-EPOCH1x210681
sub-199,ses-EPOCH3x231624
sub-199,ses-EPOCH1x211915
sub-199,ses-EPOCH2x216177
sub-203,ses-EPOCH3x231286
sub-203,ses-EPOCH1x211705
sub-203,ses-EPOCH4x236882
sub-203,ses-EPOCH2x216110
sub-274,ses-EPOCH3x232805
sub-274,ses-EPOCH2x227444
sub-274,ses-EPOCH1x213274
sub-209,ses-EPOCH2x216234
sub-209,ses-EPOCH1x212086
sub-209,ses-EPOCH4x239228
sub-209,ses-EPOCH3x231377
sub-304,ses-EPOCH3x231875
sub-304,ses-EPOCH1x213723
sub-304,ses-EPOCH4x238498
sub-304,ses-EPOCH2x227773
sub-290,ses-EPOCH1x213538
sub-309,ses-EPOCH1x213610
sub-309,ses-EPOCH3x233050
sub-273,ses-EPOCH1x213424
sub-204,ses-EPOCH1x212003
sub-297,ses-EPOCH2x228262
sub-297,ses-EPOCH1x213678
sub-297,ses-EPOCH3x232952
sub-297,ses-EPOCH4x239433
sub-303,ses-EPOCH4x238962
sub-303,ses-EPOCH2x227931
sub-303,ses-EPOCH3x232615
sub-303,ses-EPOCH1x213697
sub-279,ses-EPOCH3x232432
sub-279,ses-EPOCH1x213522
sub-279,ses-EPOCH2x227920
sub-279,ses-EPOCH4x239193
sub-194,ses-EPOCH2x216193
sub-194,ses-EPOCH1x211773
sub-194,ses-EPOCH4x236793
sub-194,ses-EPOCH3x231223
sub-099,ses-EPOCH4x235256
sub-099,ses-EPOCH3x229287
sub-099,ses-EPOCH1x210748
sub-099,ses-EPOCH2x214980
sub-099,ses-EPOCH5x240858
sub-093,ses-EPOCH3x229347
sub-093,ses-EPOCH2x214878
sub-093,ses-EPOCH1x210616
sub-107,ses-EPOCH1x210696
sub-107,ses-EPOCH3x229450
sub-107,ses-EPOCH2x214965
sub-107,ses-EPOCH4x235393
sub-170,ses-EPOCH2x215974
sub-170,ses-EPOCH4x236222
sub-170,ses-EPOCH1x211228
sub-170,ses-EPOCH3x231115
sub-236,ses-EPOCH3x231733
sub-236,ses-EPOCH1x212626
sub-241,ses-EPOCH2x226705
sub-241,ses-EPOCH1x212534
sub-241,ses-EPOCH3x232233
sub-241,ses-EPOCH4x237888
sub-331,ses-EPOCH2x228116
sub-331,ses-EPOCH3x233166
sub-331,ses-EPOCH4x239372
sub-331,ses-EPOCH1x213761
sub-032,ses-EPOCH1x210083
sub-032,ses-EPOCH4x234348
sub-032,ses-EPOCH2x213874
sub-032,ses-EPOCH3x228391
sub-045,ses-EPOCH1x209717
sub-045,ses-EPOCH4x234081
sub-045,ses-EPOCH2x213951
sub-045,ses-EPOCH3x228522
sub-148,ses-EPOCH1x211266
sub-148,ses-EPOCH2x215443
sub-148,ses-EPOCH3x230356
sub-148,ses-EPOCH4x235814
sub-038,ses-EPOCH3x228587
sub-038,ses-EPOCH4x234002
sub-038,ses-EPOCH2x214283
sub-038,ses-EPOCH1x208044
sub-142,ses-EPOCH1x213322
sub-142,ses-EPOCH2x216619
sub-135,ses-EPOCH1x211040
sub-135,ses-EPOCH2x215565
sub-135,ses-EPOCH4x235455
sub-135,ses-EPOCH3x230259
sub-284,ses-EPOCH1x000001
sub-284,ses-EPOCH4x238679
sub-284,ses-EPOCH2x227549
sub-284,ses-EPOCH3x232434
sub-310,ses-EPOCH3x232596
sub-310,ses-EPOCH2x227912
sub-310,ses-EPOCH4x238910
sub-310,ses-EPOCH1x213673
sub-260,ses-EPOCH2x227155
sub-260,ses-EPOCH3x232560
sub-260,ses-EPOCH1x213160
sub-217,ses-EPOCH1x212238
sub-080,ses-EPOCH3x229122
sub-080,ses-EPOCH4x234873
sub-080,ses-EPOCH2x214480
sub-080,ses-EPOCH1x210192
sub-114,ses-EPOCH3x130201
sub-114,ses-EPOCH2x215109
sub-114,ses-EPOCH4x235193
sub-114,ses-EPOCH1x210803
sub-163,ses-EPOCH2x227269
sub-163,ses-EPOCH3x230969
sub-163,ses-EPOCH1x211479
sub-019,ses-EPOCH3x227572
sub-019,ses-EPOCH1x210529
sub-019,ses-EPOCH2x213372
sub-019,ses-EPOCH4x233557
sub-169,ses-EPOCH1x211488
sub-169,ses-EPOCH3x231068
sub-169,ses-EPOCH4x236563
sub-169,ses-EPOCH2x215994
sub-064,ses-EPOCH2x214634
sub-064,ses-EPOCH1x209980
sub-064,ses-EPOCH3x228852
sub-064,ses-EPOCH4x234373
sub-013,ses-EPOCH3x227024
sub-013,ses-EPOCH2x213084
sub-013,ses-EPOCH4x233403
sub-013,ses-EPOCH1x209999
sub-013,ses-EPOCH5x239386
sub-187,ses-EPOCH2x216452
sub-187,ses-EPOCH4x236749
sub-187,ses-EPOCH3x231193
sub-187,ses-EPOCH1x211357
sub-258,ses-EPOCH2x227026
sub-258,ses-EPOCH1x213166
sub-322,ses-EPOCH1x213758
sub-322,ses-EPOCH3x231706
sub-322,ses-EPOCH2x227915
sub-322,ses-EPOCH4x239009
sub-225,ses-EPOCH1x211066
sub-225,ses-EPOCH2x226479
sub-225,ses-EPOCH4x237514
sub-225,ses-EPOCH3x231613
sub-252,ses-EPOCH4x238187
sub-252,ses-EPOCH1x212938
sub-252,ses-EPOCH2x227045
sub-252,ses-EPOCH3x232436
sub-328,ses-EPOCH3x231795
sub-328,ses-EPOCH4x238798
sub-328,ses-EPOCH2x227553
sub-328,ses-EPOCH1x213465
sub-151,ses-EPOCH1x211229
sub-151,ses-EPOCH4x236127
sub-151,ses-EPOCH2x215969
sub-151,ses-EPOCH3x230368
sub-126,ses-EPOCH2x215318
sub-126,ses-EPOCH1x211101
sub-021,ses-EPOCH2x213501
sub-021,ses-EPOCH1x209997
sub-056,ses-EPOCH3x233092
sub-056,ses-EPOCH4x234526
sub-056,ses-EPOCH1x209821
sub-056,ses-EPOCH2x214495
sub-221,ses-EPOCH1x212280
sub-256,ses-EPOCH4x238259
sub-256,ses-EPOCH1x213135
sub-256,ses-EPOCH2x227106
sub-256,ses-EPOCH3x232370
sub-326,ses-EPOCH2x227976
sub-326,ses-EPOCH1x213760
sub-326,ses-EPOCH4x239137
sub-025,ses-EPOCH2x213997
sub-025,ses-EPOCH1x210176
sub-052,ses-EPOCH1x209981
sub-128,ses-EPOCH3x130193
sub-128,ses-EPOCH1x211041
sub-128,ses-EPOCH2x215411
sub-058,ses-EPOCH1x209725
sub-058,ses-EPOCH4x234659
sub-058,ses-EPOCH3x228733
sub-058,ses-EPOCH2x214501
sub-155,ses-EPOCH2x215634
sub-155,ses-EPOCH1x211296
sub-155,ses-EPOCH4x236147
sub-155,ses-EPOCH3x230761
sub-122,ses-EPOCH1x211067
sub-264,ses-EPOCH4x238300
sub-264,ses-EPOCH2x227041
sub-264,ses-EPOCH3x232368
sub-264,ses-EPOCH1x213269
sub-213,ses-EPOCH2x216774
sub-213,ses-EPOCH3x231483
sub-213,ses-EPOCH1x212172
sub-314,ses-EPOCH1x213659
sub-314,ses-EPOCH2x227914
sub-280,ses-EPOCH3x232308
sub-280,ses-EPOCH1x213468
sub-280,ses-EPOCH2x227514
sub-219,ses-EPOCH1x242416
sub-219,ses-EPOCH3x231605
sub-219,ses-EPOCH2x226546
sub-219,ses-EPOCH4x237440
sub-060,ses-EPOCH2x214498
sub-060,ses-EPOCH4x234621
sub-060,ses-EPOCH1x210126
sub-060,ses-EPOCH3x228855
sub-183,ses-EPOCH3x230964
sub-183,ses-EPOCH2x216010
sub-183,ses-EPOCH1x211550
sub-183,ses-EPOCH4x236637
sub-017,ses-EPOCH2x213430
sub-017,ses-EPOCH1x210175
sub-017,ses-EPOCH4x233473
sub-017,ses-EPOCH5x240801
sub-017,ses-EPOCH3x227699
sub-189,ses-EPOCH1x211687
sub-110,ses-EPOCH1x210362
sub-110,ses-EPOCH2x215181
sub-084,ses-EPOCH4x234660
sub-084,ses-EPOCH1x210354
sub-084,ses-EPOCH2x214481
sub-084,ses-EPOCH3x229093
sub-167,ses-EPOCH3x230828
sub-167,ses-EPOCH1x211370
sub-167,ses-EPOCH2x216178
sub-238,ses-EPOCH1x212625
sub-335,ses-EPOCH2x228247
sub-335,ses-EPOCH4x239333
sub-335,ses-EPOCH1x213973
sub-335,ses-EPOCH3x233160
sub-232,ses-EPOCH2x226849
sub-232,ses-EPOCH1x212655
sub-232,ses-EPOCH3x231484
sub-232,ses-EPOCH4x237566
sub-245,ses-EPOCH2x226701
sub-245,ses-EPOCH3x232645
sub-245,ses-EPOCH1x212920
sub-245,ses-EPOCH4x237790
sub-146,ses-EPOCH1x211044
sub-146,ses-EPOCH3x230502
sub-131,ses-EPOCH4x235465
sub-131,ses-EPOCH3x230927
sub-131,ses-EPOCH1x211039
sub-131,ses-EPOCH2x215420
sub-036,ses-EPOCH4x233799
sub-036,ses-EPOCH1x209411
sub-036,ses-EPOCH5x239865
sub-036,ses-EPOCH2x213876
sub-036,ses-EPOCH3x228248
sub-041,ses-EPOCH1x209546
sub-307,ses-EPOCH1x213578
sub-307,ses-EPOCH2x228532
sub-307,ses-EPOCH3x233340
sub-293,ses-EPOCH2x227826
sub-293,ses-EPOCH3x233165
sub-293,ses-EPOCH1x213479
sub-277,ses-EPOCH1x213528
sub-277,ses-EPOCH2x227551
sub-277,ses-EPOCH3x231815
sub-277,ses-EPOCH4x238801
sub-200,ses-EPOCH1x211883
sub-299,ses-EPOCH3x231774
sub-299,ses-EPOCH1x213534
sub-299,ses-EPOCH2x227682
sub-299,ses-EPOCH4x238990
sub-103,ses-EPOCH3x229346
sub-103,ses-EPOCH1x210358
sub-103,ses-EPOCH4x235303
sub-103,ses-EPOCH2x215140
sub-097,ses-EPOCH3x229390
sub-097,ses-EPOCH4x235040
sub-097,ses-EPOCH2x214990
sub-097,ses-EPOCH1x210741
sub-174,ses-EPOCH3x230881
sub-174,ses-EPOCH4x236695
sub-174,ses-EPOCH1x211551
sub-174,ses-EPOCH2x216014
sub-079,ses-EPOCH3x229094
sub-079,ses-EPOCH2x214482
sub-079,ses-EPOCH4x234871
sub-079,ses-EPOCH1x209989
sub-109,ses-EPOCH4x235145
sub-109,ses-EPOCH2x215016
sub-109,ses-EPOCH3x229428
sub-109,ses-EPOCH1x210961
sub-073,ses-EPOCH3x228965
sub-073,ses-EPOCH4x234532
sub-073,ses-EPOCH1x210253
sub-073,ses-EPOCH2x214621
sub-004,ses-EPOCH3x216399
sub-004,ses-EPOCH2x211886
sub-004,ses-EPOCH1x209902
sub-004,ses-EPOCH4x232662
sub-009,ses-EPOCH1x209876
sub-009,ses-EPOCH3x226467
sub-009,ses-EPOCH2x212550
sub-173,ses-EPOCH3x230967
sub-173,ses-EPOCH4x236612
sub-173,ses-EPOCH2x216053
sub-173,ses-EPOCH1x211511
sub-090,ses-EPOCH2x214850
sub-090,ses-EPOCH1x210420
sub-090,ses-EPOCH4x234645
sub-104,ses-EPOCH4x235611
sub-104,ses-EPOCH2x215053
sub-104,ses-EPOCH1x210759
sub-104,ses-EPOCH3x229288
sub-003,ses-EPOCH2x211649
sub-003,ses-EPOCH4x232464
sub-003,ses-EPOCH1x209900
sub-003,ses-EPOCH3x216211
sub-197,ses-EPOCH1x211742
sub-074,ses-EPOCH3x228986
sub-074,ses-EPOCH1x210196
sub-074,ses-EPOCH4x234494
sub-074,ses-EPOCH2x214728
sub-074,ses-EPOCH5x240829
sub-179,ses-EPOCH3x230905
sub-179,ses-EPOCH2x216033
sub-179,ses-EPOCH1x211673
sub-179,ses-EPOCH4x236607
sub-294,ses-EPOCH1x213544
sub-300,ses-EPOCH2x227749
sub-300,ses-EPOCH1x213559
sub-300,ses-EPOCH3x232714
sub-207,ses-EPOCH2x216326
sub-207,ses-EPOCH1x211819
sub-207,ses-EPOCH3x231320
sub-207,ses-EPOCH4x239413
sub-270,ses-EPOCH3x231817
sub-270,ses-EPOCH1x213343
sub-270,ses-EPOCH4x238850
sub-270,ses-EPOCH2x227346
sub-136,ses-EPOCH3x130248
sub-136,ses-EPOCH1x211089
sub-136,ses-EPOCH2x215408
sub-136,ses-EPOCH4x235667
sub-141,ses-EPOCH1x211354
sub-141,ses-EPOCH3x230321
sub-141,ses-EPOCH4x236219
sub-141,ses-EPOCH2x215410
sub-046,ses-EPOCH2x213975
sub-046,ses-EPOCH4x234135
sub-046,ses-EPOCH3x228407
sub-046,ses-EPOCH1x209814
sub-332,ses-EPOCH1x213714
sub-248,ses-EPOCH4x239226
sub-248,ses-EPOCH1x212965
sub-248,ses-EPOCH2x227033
sub-248,ses-EPOCH3x232542
sub-242,ses-EPOCH4x23783701
sub-242,ses-EPOCH2x226727
sub-242,ses-EPOCH1x212978
sub-242,ses-EPOCH3x231772
sub-235,ses-EPOCH2x226702
sub-235,ses-EPOCH4x237408
sub-235,ses-EPOCH1x212624
sub-235,ses-EPOCH3x231870
sub-089,ses-EPOCH2x214726
sub-089,ses-EPOCH1x210622
sub-089,ses-EPOCH3x229068
sub-089,ses-EPOCH4x235551
sub-010,ses-EPOCH5x239179
sub-010,ses-EPOCH2x213313
sub-010,ses-EPOCH1x209946
sub-010,ses-EPOCH3x226715
sub-010,ses-EPOCH4x233428
sub-067,ses-EPOCH1x210190
sub-067,ses-EPOCH3x228928
sub-067,ses-EPOCH4x234619
sub-067,ses-EPOCH2x214624
sub-160,ses-EPOCH3x230582
sub-160,ses-EPOCH2x215672
sub-160,ses-EPOCH1x211432
sub-160,ses-EPOCH4x235863
sub-083,ses-EPOCH2x214727
sub-083,ses-EPOCH1x210359
sub-083,ses-EPOCH4x234615
sub-083,ses-EPOCH3x229453
sub-117,ses-EPOCH4x236516
sub-117,ses-EPOCH2x215278
sub-117,ses-EPOCH1x211088
sub-117,ses-EPOCH3x130198
sub-214,ses-EPOCH1x212207
sub-214,ses-EPOCH2x226697
sub-263,ses-EPOCH2x227101
sub-263,ses-EPOCH1x213356
sub-263,ses-EPOCH3x231820
sub-263,ses-EPOCH4x238937
sub-319,ses-EPOCH4x238615
sub-319,ses-EPOCH2x227911
sub-319,ses-EPOCH1x213784
sub-319,ses-EPOCH3x232667
sub-269,ses-EPOCH3x233500
sub-269,ses-EPOCH1x213297
sub-269,ses-EPOCH2x228466
sub-287,ses-EPOCH2x227621
sub-287,ses-EPOCH1x213641
sub-287,ses-EPOCH4x238841
sub-313,ses-EPOCH1x213650
sub-313,ses-EPOCH2x228295
sub-313,ses-EPOCH3x232683
sub-313,ses-EPOCH4x238854
sub-158,ses-EPOCH1x211452
sub-158,ses-EPOCH3x230758
sub-158,ses-EPOCH2x215652
sub-158,ses-EPOCH4x236737
sub-055,ses-EPOCH2x214479
sub-055,ses-EPOCH3x228686
sub-055,ses-EPOCH1x209412
sub-055,ses-EPOCH4x234311
sub-022,ses-EPOCH3x227861
sub-022,ses-EPOCH1x210142
sub-022,ses-EPOCH4x233634
sub-022,ses-EPOCH2x213502
sub-125,ses-EPOCH2x215342
sub-125,ses-EPOCH3x130309
sub-125,ses-EPOCH1x211077
sub-152,ses-EPOCH3x230492
sub-152,ses-EPOCH1x211311
sub-152,ses-EPOCH2x215587
sub-152,ses-EPOCH4x236003
sub-028,ses-EPOCH2x213996
sub-028,ses-EPOCH1x209306
sub-028,ses-EPOCH3x227997
sub-028,ses-EPOCH4x233868
sub-251,ses-EPOCH3x232433
sub-251,ses-EPOCH2x227124
sub-251,ses-EPOCH4x238678
sub-251,ses-EPOCH1x212869
sub-226,ses-EPOCH1x212404
sub-321,ses-EPOCH1x213768
sub-216,ses-EPOCH1x212258
sub-216,ses-EPOCH2x226468
sub-216,ses-EPOCH4x237777
sub-216,ses-EPOCH3x231408
sub-261,ses-EPOCH1x213029
sub-285,ses-EPOCH3x232663
sub-285,ses-EPOCH4x239949
sub-285,ses-EPOCH2x227702
sub-285,ses-EPOCH1x213640
sub-311,ses-EPOCH1x212964
sub-168,ses-EPOCH2x216090
sub-168,ses-EPOCH3x230835
sub-168,ses-EPOCH4x236314
sub-168,ses-EPOCH1x211374
sub-012,ses-EPOCH1x209906
sub-012,ses-EPOCH2x212928
sub-186,ses-EPOCH2x216120
sub-186,ses-EPOCH3x231224
sub-186,ses-EPOCH1x211744
sub-186,ses-EPOCH4x236987
sub-065,ses-EPOCH1x210132
sub-065,ses-EPOCH4x234538
sub-065,ses-EPOCH3x228853
sub-065,ses-EPOCH2x214549
sub-162,ses-EPOCH4x236223
sub-162,ses-EPOCH1x211154
sub-162,ses-EPOCH2x215793
sub-162,ses-EPOCH3x230760
sub-081,ses-EPOCH3x229899
sub-081,ses-EPOCH2x215015
sub-081,ses-EPOCH1x210381
sub-081,ses-EPOCH4x236381
sub-115,ses-EPOCH3x229631
sub-115,ses-EPOCH2x215113
sub-115,ses-EPOCH1x210847
sub-018,ses-EPOCH1x210429
sub-018,ses-EPOCH4x233533
sub-018,ses-EPOCH3x227564
sub-018,ses-EPOCH2x213433
sub-018,ses-EPOCH5x239622
sub-253,ses-EPOCH4x238021
sub-253,ses-EPOCH1x213151
sub-253,ses-EPOCH2x226926
sub-253,ses-EPOCH3x232966
sub-224,ses-EPOCH3x231734
sub-224,ses-EPOCH2x226517
sub-224,ses-EPOCH1x212486
sub-329,ses-EPOCH1x213895
sub-329,ses-EPOCH2x228151
sub-329,ses-EPOCH3x233063
sub-329,ses-EPOCH4x239078
sub-259,ses-EPOCH3x232038
sub-259,ses-EPOCH4x237950
sub-259,ses-EPOCH1x213293
sub-259,ses-EPOCH2x227035
sub-323,ses-EPOCH1x213775
sub-323,ses-EPOCH3x232689
sub-323,ses-EPOCH2x228212
sub-323,ses-EPOCH4x239069
sub-057,ses-EPOCH4x234416
sub-057,ses-EPOCH3x228690
sub-057,ses-EPOCH2x214496
sub-057,ses-EPOCH1x209505
sub-020,ses-EPOCH3x227762
sub-020,ses-EPOCH1x209917
sub-020,ses-EPOCH2x213541
sub-020,ses-EPOCH4x233501
sub-127,ses-EPOCH2x215487
sub-127,ses-EPOCH1x211213
sub-150,ses-EPOCH1x211327b
sub-150,ses-EPOCH2x215702
sub-150,ses-EPOCH3x230697
sub-150,ses-EPOCH4x235666
sub-296,ses-EPOCH3x232585
sub-296,ses-EPOCH1x213677
sub-296,ses-EPOCH2x227624
sub-296,ses-EPOCH4x238349
sub-302,ses-EPOCH1x213575
sub-278,ses-EPOCH2x227494
sub-278,ses-EPOCH3x232561
sub-278,ses-EPOCH4x239280
sub-278,ses-EPOCH1x213408
sub-308,ses-EPOCH1x213603
sub-308,ses-EPOCH2x227862
sub-308,ses-EPOCH3x232283
sub-205,ses-EPOCH1x212032
sub-205,ses-EPOCH3x231704
sub-205,ses-EPOCH2x226464
sub-272,ses-EPOCH1x000002
sub-171,ses-EPOCH1x211258
sub-171,ses-EPOCH4x238096
sub-171,ses-EPOCH2x216515
sub-171,ses-EPOCH3x230904
sub-092,ses-EPOCH3x229126
sub-092,ses-EPOCH4x234611
sub-092,ses-EPOCH1x210419
sub-092,ses-EPOCH2x214926
sub-106,ses-EPOCH1x210744
sub-106,ses-EPOCH2x215058
sub-001,ses-EPOCH1x209877
sub-001,ses-EPOCH2x211707
sub-001,ses-EPOCH4x233355
sub-195,ses-EPOCH2x216210
sub-195,ses-EPOCH4x236944
sub-195,ses-EPOCH3x131175
sub-195,ses-EPOCH1x211887
sub-076,ses-EPOCH5x2408141
sub-076,ses-EPOCH4x234518
sub-076,ses-EPOCH1x210194
sub-098,ses-EPOCH1x210683
sub-330,ses-EPOCH1x213904
sub-330,ses-EPOCH2x228445
sub-240,ses-EPOCH1x212718
sub-240,ses-EPOCH2x226785
sub-240,ses-EPOCH3x231547
sub-237,ses-EPOCH2x226784
sub-237,ses-EPOCH4x237812
sub-237,ses-EPOCH3x231762
sub-237,ses-EPOCH1x212549
sub-039,ses-EPOCH1x209545
sub-134,ses-EPOCH2x215409
sub-134,ses-EPOCH3x130190
sub-134,ses-EPOCH1x211130
sub-134,ses-EPOCH4x235504
sub-143,ses-EPOCH3x231141
sub-143,ses-EPOCH1x211124
sub-143,ses-EPOCH2x215639
sub-143,ses-EPOCH4x235821
sub-044,ses-EPOCH1x209716
sub-044,ses-EPOCH2x213960
sub-044,ses-EPOCH3x228448
sub-033,ses-EPOCH4x233827
sub-033,ses-EPOCH1x210066
sub-033,ses-EPOCH3x228392
sub-033,ses-EPOCH2x213932
sub-149,ses-EPOCH3x230367
sub-149,ses-EPOCH2x215416
sub-149,ses-EPOCH1x211189
sub-149,ses-EPOCH4x235845
sub-144,ses-EPOCH3x230735
sub-144,ses-EPOCH4x235841
sub-144,ses-EPOCH1x211131
sub-144,ses-EPOCH2x215967
sub-133,ses-EPOCH3x130357
sub-133,ses-EPOCH4x235665
sub-133,ses-EPOCH1x211222
sub-133,ses-EPOCH2x215541
sub-049,ses-EPOCH1x209933
sub-049,ses-EPOCH4x234309
sub-049,ses-EPOCH2x214138
sub-049,ses-EPOCH3x228683
sub-139,ses-EPOCH1x211309
sub-139,ses-EPOCH2x227156
sub-139,ses-EPOCH3x231317
sub-034,ses-EPOCH2x213898
sub-034,ses-EPOCH4x233798
sub-034,ses-EPOCH1x209330
sub-034,ses-EPOCH5x239846
sub-034,ses-EPOCH3x228195
sub-043,ses-EPOCH1x209714
sub-043,ses-EPOCH3x228647
sub-043,ses-EPOCH2x214135
sub-043,ses-EPOCH4x234656
sub-230,ses-EPOCH1x212512
sub-230,ses-EPOCH2x228060
sub-230,ses-EPOCH4x238602
sub-247,ses-EPOCH1x212479
sub-247,ses-EPOCH2x227029
sub-101,ses-EPOCH1x210422
sub-101,ses-EPOCH2x215051
sub-095,ses-EPOCH3x229920
sub-095,ses-EPOCH1x210677
sub-095,ses-EPOCH2x214967
sub-095,ses-EPOCH4x235085
sub-176,ses-EPOCH1x211358
sub-176,ses-EPOCH4x236457
sub-176,ses-EPOCH2x216039
sub-176,ses-EPOCH3x230907
sub-198,ses-EPOCH1x211740
sub-071,ses-EPOCH3x228964
sub-071,ses-EPOCH2x214517
sub-071,ses-EPOCH1x209816
sub-071,ses-EPOCH4x234458
sub-192,ses-EPOCH2x216224
sub-192,ses-EPOCH1x211813
sub-192,ses-EPOCH4x236692
sub-192,ses-EPOCH3x231128
sub-006,ses-EPOCH2x212171
sub-208,ses-EPOCH4x237028
sub-208,ses-EPOCH1x212034
sub-208,ses-EPOCH2x216328
sub-208,ses-EPOCH3x231221
sub-305,ses-EPOCH1x213702
sub-291,ses-EPOCH2x227748
sub-291,ses-EPOCH3x233056
sub-291,ses-EPOCH1x213558
sub-275,ses-EPOCH3x232192
sub-275,ses-EPOCH1x213355
sub-275,ses-EPOCH2x227341
sub-275,ses-EPOCH4x238263
sub-202,ses-EPOCH1x211884
sub-202,ses-EPOCH3x231278
sub-202,ses-EPOCH2x216085
sub-202,ses-EPOCH4x238039
sub-027,ses-EPOCH4x234254
sub-027,ses-EPOCH1x209260
sub-027,ses-EPOCH5x239916
sub-027,ses-EPOCH3x228813
sub-050,ses-EPOCH1x210065
sub-050,ses-EPOCH3x228745
sub-050,ses-EPOCH2x214170
sub-050,ses-EPOCH4x234179
sub-157,ses-EPOCH1x211356
sub-157,ses-EPOCH4x236087
sub-157,ses-EPOCH3x230756
sub-157,ses-EPOCH2x215645
sub-120,ses-EPOCH1x210370
sub-120,ses-EPOCH2x215683
sub-120,ses-EPOCH3x130362
sub-120,ses-EPOCH4x235230
sub-223,ses-EPOCH1x212372
sub-254,ses-EPOCH2x227023
sub-254,ses-EPOCH1x213085
sub-254,ses-EPOCH3x231793
sub-254,ses-EPOCH4x239526
sub-324,ses-EPOCH2x227828
sub-324,ses-EPOCH1x213692
sub-229,ses-EPOCH1x212692
sub-229,ses-EPOCH3x231739
sub-229,ses-EPOCH4x238326
sub-229,ses-EPOCH2x226719
sub-062,ses-EPOCH2x214514
sub-062,ses-EPOCH1x210131
sub-062,ses-EPOCH3x228875
sub-062,ses-EPOCH4x234340
sub-181,ses-EPOCH2x216009
sub-181,ses-EPOCH1x211641
sub-015,ses-EPOCH5x239616
sub-015,ses-EPOCH4x233527
sub-015,ses-EPOCH2x213111
sub-015,ses-EPOCH1x210005
sub-015,ses-EPOCH3x226987
sub-118,ses-EPOCH1x211080
sub-118,ses-EPOCH3x129843
sub-118,ses-EPOCH2x215180
sub-068,ses-EPOCH2x214623
sub-068,ses-EPOCH1x210282
sub-068,ses-EPOCH4x234456
sub-068,ses-EPOCH3x228925
sub-112,ses-EPOCH2x215115
sub-112,ses-EPOCH4x235203
sub-112,ses-EPOCH1x210580
sub-112,ses-EPOCH3x230363
sub-086,ses-EPOCH4x234868
sub-086,ses-EPOCH3x229247
sub-086,ses-EPOCH1x210579
sub-086,ses-EPOCH2x214763
sub-165,ses-EPOCH3x230699
sub-165,ses-EPOCH2x215898
sub-165,ses-EPOCH4x235743
sub-165,ses-EPOCH1x211188
sub-288,ses-EPOCH2x227681
sub-288,ses-EPOCH3x232474
sub-288,ses-EPOCH1x213373
sub-266,ses-EPOCH3x233115
sub-266,ses-EPOCH1x213193
sub-266,ses-EPOCH2x227501
sub-266,ses-EPOCH4x238991
sub-211,ses-EPOCH2x216684
sub-211,ses-EPOCH3x231604
sub-211,ses-EPOCH1x212087
sub-211,ses-EPOCH4x237081
sub-316,ses-EPOCH3x232618
sub-316,ses-EPOCH1x213687
sub-316,ses-EPOCH2x228100
sub-316,ses-EPOCH4x239124
sub-282,ses-EPOCH1x213409
sub-082,ses-EPOCH1x210070
sub-116,ses-EPOCH4x235349
sub-116,ses-EPOCH3x229780
sub-116,ses-EPOCH1x211010
sub-116,ses-EPOCH2x215165
sub-161,ses-EPOCH4x236454
sub-161,ses-EPOCH3x230755
sub-161,ses-EPOCH1x211348
sub-161,ses-EPOCH2x215999
sub-088,ses-EPOCH1x210371
sub-088,ses-EPOCH3x229250
sub-088,ses-EPOCH2x215014
sub-088,ses-EPOCH4x234684
sub-066,ses-EPOCH3x228854
sub-066,ses-EPOCH2x214641
sub-066,ses-EPOCH1x209719
sub-185,ses-EPOCH1x211675
sub-185,ses-EPOCH2x216173
sub-268,ses-EPOCH1x213185
sub-286,ses-EPOCH2x227619
sub-286,ses-EPOCH1x213566
sub-286,ses-EPOCH3x232613
sub-286,ses-EPOCH4x239262
sub-312,ses-EPOCH2x227770
sub-312,ses-EPOCH3x232751
sub-312,ses-EPOCH1x213624
sub-262,ses-EPOCH1x213121
sub-262,ses-EPOCH3x232282
sub-262,ses-EPOCH4x239815
sub-262,ses-EPOCH2x227284
sub-215,ses-EPOCH3x231319
sub-215,ses-EPOCH2x216730
sub-215,ses-EPOCH1x212315
sub-318,ses-EPOCH1x213688
sub-153,ses-EPOCH2x215619
sub-153,ses-EPOCH4x236059
sub-153,ses-EPOCH1x211330
sub-153,ses-EPOCH3x230496
sub-124,ses-EPOCH1x211011
sub-124,ses-EPOCH4x235549
sub-124,ses-EPOCH3x230261
sub-124,ses-EPOCH2x215181b
sub-029,ses-EPOCH2x214289
sub-029,ses-EPOCH1x209308
sub-029,ses-EPOCH3x228348
sub-159,ses-EPOCH1x211139
sub-023,ses-EPOCH3x227905
sub-023,ses-EPOCH4x234383
sub-023,ses-EPOCH2x213503
sub-023,ses-EPOCH1x209904
sub-054,ses-EPOCH2x214810
sub-054,ses-EPOCH1x209718
sub-054,ses-EPOCH3x229639
sub-320,ses-EPOCH3x232040
sub-320,ses-EPOCH2x227873
sub-320,ses-EPOCH1x213839
sub-227,ses-EPOCH1x212484
sub-250,ses-EPOCH2x227031
sub-250,ses-EPOCH1x213118
sub-250,ses-EPOCH3x232430
sub-075,ses-EPOCH1x210251
sub-075,ses-EPOCH3x229069
sub-075,ses-EPOCH2x214640
sub-075,ses-EPOCH4x234563
sub-002,ses-EPOCH1x209944
sub-002,ses-EPOCH3x216213
sub-002,ses-EPOCH2x211650
sub-002,ses-EPOCH4x233432
sub-196,ses-EPOCH3x131315
sub-196,ses-EPOCH2x216167
sub-196,ses-EPOCH1x211669
sub-178,ses-EPOCH3x230830
sub-178,ses-EPOCH1x211612
sub-178,ses-EPOCH2x215973
sub-008,ses-EPOCH2x212452
sub-091,ses-EPOCH2x215052
sub-091,ses-EPOCH1x210357
sub-105,ses-EPOCH1x210747
sub-172,ses-EPOCH2x215840
sub-172,ses-EPOCH3x230833
sub-172,ses-EPOCH1x211435
sub-271,ses-EPOCH4x238188
sub-271,ses-EPOCH3x231757
sub-271,ses-EPOCH1x212905
sub-271,ses-EPOCH2x227428
sub-206,ses-EPOCH1x212085
sub-206,ses-EPOCH3x232336
sub-206,ses-EPOCH2x216312
sub-206,ses-EPOCH4x237031
sub-295,ses-EPOCH4x239608
sub-295,ses-EPOCH3x233009
sub-295,ses-EPOCH2x227614
sub-295,ses-EPOCH1x213516
sub-301,ses-EPOCH4x238844
sub-301,ses-EPOCH3x232477
sub-301,ses-EPOCH1x213599
sub-301,ses-EPOCH2x227613
sub-030,ses-EPOCH3x228390
sub-030,ses-EPOCH4x233834
sub-030,ses-EPOCH1x209883
sub-030,ses-EPOCH2x20928
sub-047,ses-EPOCH2x214139
sub-047,ses-EPOCH1x209720
sub-140,ses-EPOCH1x211099
sub-137,ses-EPOCH1x211269
sub-137,ses-EPOCH3x230194
sub-137,ses-EPOCH2x215447
sub-234,ses-EPOCH3x232688
sub-234,ses-EPOCH2x226846
sub-234,ses-EPOCH1x212654
sub-243,ses-EPOCH1x212979
sub-243,ses-EPOCH3x231892
sub-243,ses-EPOCH2x226703
sub-243,ses-EPOCH4x237839
sub-333,ses-EPOCH1x213802
sub-333,ses-EPOCH4x239209
sub-333,ses-EPOCH3x232808
sub-333,ses-EPOCH2x228062
sub-249,ses-EPOCH4x238097
sub-249,ses-EPOCH2x226911
sub-249,ses-EPOCH1x213069
sub-249,ses-EPOCH3x232431
sub-244,ses-EPOCH3x232513
sub-244,ses-EPOCH2x226716
sub-244,ses-EPOCH4x237945
sub-244,ses-EPOCH1x212961
sub-233,ses-EPOCH3x231514
sub-233,ses-EPOCH2x227304
sub-233,ses-EPOCH1x212401
sub-233,ses-EPOCH4x237519
sub-239,ses-EPOCH4x237644
sub-239,ses-EPOCH1x212653
sub-239,ses-EPOCH2x226696
sub-239,ses-EPOCH3x231612
sub-334,ses-EPOCH4x239066
sub-334,ses-EPOCH1x213782
sub-334,ses-EPOCH3x232111
sub-334,ses-EPOCH2x228001
sub-040,ses-EPOCH1x209544
sub-037,ses-EPOCH1x209430
sub-130,ses-EPOCH1x211278
sub-130,ses-EPOCH4x235396
sub-130,ses-EPOCH2x215412
sub-130,ses-EPOCH3x130401
sub-147,ses-EPOCH4x235612
sub-147,ses-EPOCH2x215489
sub-147,ses-EPOCH3x230399
sub-147,ses-EPOCH1x211081
sub-276,ses-EPOCH1x213415
sub-276,ses-EPOCH3x232612
sub-276,ses-EPOCH2x227500
sub-298,ses-EPOCH2x227701
sub-298,ses-EPOCH4x239232
sub-298,ses-EPOCH3x232616
sub-298,ses-EPOCH1x213577
sub-306,ses-EPOCH1x213656
sub-306,ses-EPOCH3x232562
sub-306,ses-EPOCH4x238577
sub-306,ses-EPOCH2x227831
sub-292,ses-EPOCH1x213576
sub-292,ses-EPOCH2x227745
sub-292,ses-EPOCH4x238649
sub-292,ses-EPOCH3x231983
sub-108,ses-EPOCH4x235190
sub-108,ses-EPOCH3x229466
sub-108,ses-EPOCH1x210742
sub-108,ses-EPOCH2x215021
sub-191,ses-EPOCH2x216262
sub-191,ses-EPOCH3x231999
sub-191,ses-EPOCH4x236694
sub-191,ses-EPOCH1x211862
sub-072,ses-EPOCH3x128958
sub-072,ses-EPOCH2x214633
sub-072,ses-EPOCH4x234536
sub-072,ses-EPOCH1x210338
sub-175,ses-EPOCH3x231225
sub-175,ses-EPOCH1x211512
sub-175,ses-EPOCH4x238023
sub-175,ses-EPOCH2x215966
sub-102,ses-EPOCH1x210815
sub-102,ses-EPOCH2x215019
sub-102,ses-EPOCH3x229342
sub-102,ses-EPOCH4x235055
sub-096,ses-EPOCH1x210355
sub-096,ses-EPOCH2x227036
sub-078,ses-EPOCH2x214724
sub-078,ses-EPOCH3x232611
sub-078,ses-EPOCH1x210356
sub-078,ses-EPOCH4x234682
sub-327,ses-EPOCH4x240576
sub-327,ses-EPOCH2x227903
sub-327,ses-EPOCH1x213900
sub-327,ses-EPOCH3x232818
sub-257,ses-EPOCH1x213207
sub-257,ses-EPOCH4x238034
sub-257,ses-EPOCH3x231794
sub-257,ses-EPOCH2x227028
sub-220,ses-EPOCH1x212405
sub-220,ses-EPOCH2x226514
sub-059,ses-EPOCH1x209654
sub-123,ses-EPOCH2x215267
sub-123,ses-EPOCH1x210927
sub-154,ses-EPOCH4x235848
sub-154,ses-EPOCH1x211373
sub-154,ses-EPOCH3x231285
sub-154,ses-EPOCH2x215651
sub-053,ses-EPOCH1x209728
sub-053,ses-EPOCH4x234415
sub-053,ses-EPOCH3x228968
sub-053,ses-EPOCH2x214465
sub-024,ses-EPOCH4x233796
sub-024,ses-EPOCH3x227998
sub-024,ses-EPOCH5x239595
sub-024,ses-EPOCH2x213654
sub-024,ses-EPOCH1x210140
sub-129,ses-EPOCH3x130191
sub-129,ses-EPOCH2x215476
sub-129,ses-EPOCH1x211210
sub-315,ses-EPOCH2x228061
sub-315,ses-EPOCH1x213689
sub-281,ses-EPOCH2x227548
sub-281,ses-EPOCH1x213470
sub-281,ses-EPOCH3x231987
sub-218,ses-EPOCH1x212406
sub-218,ses-EPOCH3x231673
sub-218,ses-EPOCH4x237196
sub-218,ses-EPOCH2x216786
sub-212,ses-EPOCH1x212237
sub-212,ses-EPOCH3x231403
sub-212,ses-EPOCH2x216237
sub-265,ses-EPOCH1x213666
sub-188,ses-EPOCH2x216264
sub-188,ses-EPOCH3x232469
sub-188,ses-EPOCH1x211772
sub-166,ses-EPOCH1x211520
sub-166,ses-EPOCH2x215971
sub-166,ses-EPOCH3x230831
sub-166,ses-EPOCH4x236456
sub-111,ses-EPOCH2x215086
sub-111,ses-EPOCH1x210782
sub-111,ses-EPOCH4x235182
sub-111,ses-EPOCH3x229464
sub-085,ses-EPOCH1x210348
sub-182,ses-EPOCH3x231220
sub-182,ses-EPOCH1x211613
sub-182,ses-EPOCH2x216089
sub-182,ses-EPOCH4x236436
sub-016,ses-EPOCH1x209916
sub-061,ses-EPOCH2x214759
sub-061,ses-EPOCH4x234564
sub-061,ses-EPOCH3x229092
sub-061,ses-EPOCH1x210135
